<?xml version="1.0" encoding="UTF-8"?>
<beans xmlns="http://www.springframework.org/schema/beans"
       xmlns:context="http://www.springframework.org/schema/context"
       xmlns:util="http://www.springframework.org/schema/util"
       xmlns:p="http://www.springframework.org/schema/p"
       xmlns:c="http://www.springframework.org/schema/c"
       xmlns:xsi="http://www.w3.org/2001/XMLSchema-instance"
       xsi:schemaLocation="http://www.springframework.org/schema/beans http://www.springframework.org/schema/beans/spring-beans.xsd
                           http://www.springframework.org/schema/context http://www.springframework.org/schema/context/spring-context.xsd
                           http://www.springframework.org/schema/util http://www.springframework.org/schema/util/spring-util.xsd"
                           
       default-init-method="initialize"
       default-destroy-method="destroy">

    <!-- Use this file to define any custom beans needed globally. -->

    <!--
    Algorithm whitelists and blacklists that override or merge with library defaults. Normally you can leave
    these empty or commented and use the system defaults, but you can override those defaults using these lists.
    Each <value> element is an algorithm URI, or you can use <util:constant> elements in place of literal values.
    -->
    
    <!--
    <util:list id="shibboleth.SignatureWhitelist">
    </util:list>

    <util:list id="shibboleth.SignatureBlacklist">
    </util:list>

    <util:list id="shibboleth.EncryptionWhitelist">
    </util:list>

    <util:list id="shibboleth.EncryptionBlacklist">
    </util:list>
    -->

    <!--
    If you need to define and inject custom Java object(s) into the various views used throughout the
    system (errors, login, logout, etc.), you can uncomment and define the bean below to be of any
    type required. It will appear in the view scope as a variable named "custom".
    
    The example below defines the bean as a map, which allows you to inject multiple objects under
    named keys to expand the feature to support multiple injected objects.
    -->
    
    <!--
    <util:map id="shibboleth.CustomViewContext">
        <entry key="foo" value="bar"/>
    </util:map>
    -->
    
</beans>
